{
  "energy_efficiency": [
    0.0,
    0.0030793438175177293,
    0.003215277532540842,
    0.003253316644911837,
    0.003291695148976858,
    0.0032971760646978896,
    0.003302784343362043,
    0.003308521192659311,
    0.003314223084862314,
    0.003319944664230577
  ],
  "total_energy": [
    30569.283966211915,
    30525.983966211916,
    30479.483966211916,
    30430.483966211916,
    30379.483966211916,
    30328.983966211916,
    30277.483966211916,
    30224.983966211916,
    30172.983966211916,
    30120.983966211916
  ],
  "threats_handled": [
    2,
    0,
    0,
    0,
    0,
    0,
    0,
    0,
    0,
    0
  ]
}